filename,transcript,duration_seconds,tempo_bpm,pause_ratio,pause_events,pitch_mean_hz,pitch_std_hz,energy_mean,energy_std,energy_dynamic_range,word_count,sentence_count,avg_sentence_words,max_sentence_words,storytelling_score
03-01-01-01-01-01-01.wav,Kids are talking by the door.,3.3033125,156.25,0.9516908212560387,3,267.0305984870316,142.3334142857007,0.0021737448405474424,0.003347895573824644,0.006854305077217761,6,1,6.0,6,49.65
03-01-01-01-01-01-04.wav,Kids are talking by the door.,3.3033125,144.23076923076923,0.9420289855072463,3,321.2472546577193,98.68349404954499,0.0023810872808098793,0.003555573523044586,0.008169263228774072,6,1,6.0,6,29.88
03-01-01-01-01-01-11.wav,Kids are talking by the door.,3.1365,170.45454545454547,0.9898477157360406,1,182.08479750808337,135.69343514278123,0.0017422254895791411,0.0024538985453546047,0.005624081086716618,6,1,6.0,6,48.22
03-01-01-01-01-02-01.wav,Kids are talking by the door.,3.3366875,144.23076923076923,0.9473684210526315,3,257.914998939382,146.12262952905198,0.0023219622671604156,0.003586930688470602,0.007503410851813899,6,1,6.0,6,56.52
03-01-01-01-01-02-04.wav,Kids are talking by the door.,3.3700625,144.23076923076923,0.9383886255924171,3,308.02964854572264,106.9491687631,0.0026571406051516533,0.0038461738731712103,0.008434683084487915,6,1,6.0,6,36.36
03-01-01-01-01-02-11.wav,Kids are talking by the door.,3.103125,170.45454545454547,0.9639175257731959,2,147.45442111024389,118.9600294179293,0.0024527707137167454,0.003387857461348176,0.008178922370461809,6,1,6.0,6,51.37
03-01-01-01-02-01-01.wav,Dogs are sitting by the door.,3.2699375,125.0,0.9365853658536586,2,272.5633234391762,143.07343874895489,0.002737249480560422,0.004259149543941021,0.008850548467989938,6,1,6.0,6,63.02
03-01-01-01-02-01-04.wav,Dogs are sitting by the door.,3.2699375,110.29411764705883,0.9463414634146341,1,326.6884042851927,92.25911778869441,0.0024951701052486897,0.003717334009706974,0.007492591347545385,6,1,6.0,6,21.04
